"","meta.instanceID","Date","Week","Q_ID","Recent_activity","Nut_count","Num_regime","Source","Month"
"1","uuid:e03c91f4-1cdf-4aaa-a818-78106243dc7b","28/01/2018 07:04",1,"TS8_Q0","N",NA,NA,"FS",NA
"2","uuid:559d0710-271c-48c8-88d0-8c8f84702206","28/01/2018 07:09",1,"TS9_Q0","N",NA,NA,"FS",NA
"3","uuid:4e116ea4-9a9b-4eaa-89b5-b97e8565c7ae","28/01/2018 07:27",1,"TS7_Q0","N",NA,NA,"FS",NA
"4","uuid:284cf72b-6c0d-42f5-9daf-a6f79d4bac06","28/01/2018 07:42",1,"TS6_Q0","Y",NA,NA,"FS",NA
"5","uuid:54ad01b1-faa8-4d68-875a-d2055ef874c0","28/01/2018 08:04",1,"TS5_Q0","N",NA,NA,"FS",NA
"6","uuid:f27ea7f5-af15-4942-91d0-00f16adf2175","28/01/2018 08:09",1,"TS10_Q0","N",NA,NA,"FS",NA
"7","uuid:fedf6da5-bac8-4ce7-98e0-c120b1beb748","28/01/2018 08:27",1,"TS14_Q0","N",NA,NA,"FS",NA
"8","uuid:e20de5bf-5ca1-4f66-a5c8-8776affd248a","28/01/2018 08:32",1,"TS15_Q0","N",NA,NA,"FS",NA
"9","uuid:ba786aa6-17d6-44dd-82b1-53a7ced309b6","28/01/2018 08:39",1,"TS16_Q0","N",NA,NA,"FS",NA
"10","uuid:37869ab2-4215-43d4-8f12-91ebd5606828","28/01/2018 08:50",1,"TS12_Q0","N",NA,NA,"FS",NA
"11","uuid:1cb4edbc-77dc-4835-9b4c-72116c4d321f","28/01/2018 08:52",1,"TS17_Q0","N",NA,NA,"FS",NA
"12","uuid:272d884c-aec3-428c-ad64-c82c778d7aa8","28/01/2018 08:55",1,"TS18_Q0","N",NA,NA,"FS",NA
"13","uuid:a14da0fb-e376-4ab0-9484-f0117d84cb6d","28/01/2018 08:57",1,"TS19_Q0","N",NA,NA,"FS",NA
"14","uuid:b6c92f1d-935b-45cd-8131-3eeb99e6ffef","28/01/2018 09:02",1,"TS2_Q0","N",NA,NA,"FS",NA
"15","uuid:5e4c9c7e-ddea-46d1-b806-81582ecebd80","28/01/2018 09:04",1,"TS3_Q0","N",NA,NA,"FS",NA
"16","uuid:fabf253b-d627-4cef-aec9-852e1e11ea60","28/01/2018 09:11",1,"TS1_Q0","N",NA,NA,"FS",NA
"17","uuid:e0e8bfee-a988-4d8b-b7fd-38ea10c4b066","28/01/2018 10:05",1,"TS11_Q0","N",NA,NA,"FS",NA
"18","uuid:ba231b4a-ecd8-4b1d-bdc8-f826ef6b60c5","29/01/2018 08:05",1,"TS13_Q0","N",NA,NA,"FS",NA
"19","uuid:bc7db1d4-5075-4315-aefb-a9eabdc3200a","29/01/2018 08:24",1,"TS20_Q0","N",NA,NA,"FS",NA
"20","uuid:dd1c0d28-e53e-4bac-9699-e413a526c033","29/01/2018 08:35",1,"TS21_Q0","N",NA,NA,"FS",NA
"21","uuid:a71c49de-eeb9-45ce-88d1-437260c3bc7b","29/01/2018 09:02",1,"TS22_Q0","N",NA,NA,"FS",NA
"22","uuid:8c9fb17f-e7ca-405e-b82f-a1051f41950f","29/01/2018 10:04",1,"TS23_Q0","Y",NA,NA,"FS",NA
"23","uuid:d1354bdf-80a1-4f23-9f66-6d55940c554e","29/01/2018 11:16",1,"TS24_Q0","N",NA,NA,"FS",NA
"24","uuid:7611064f-48e1-4b41-a432-8c6329cd9453","29/01/2018 11:19",1,"TS25_Q0","N",NA,NA,"FS",NA
"25","uuid:7dbbc00a-d77d-4988-b060-ca7900cee1f1","03/02/2018 06:59",2,"TS9_Q0","N",NA,NA,"FS",NA
"26","uuid:484cb6e4-26aa-4f9a-a32f-e7ec8017757a","03/02/2018 07:03",2,"TS8_Q0","N",NA,NA,"FS",NA
"27","uuid:48067eee-7a46-47bf-804e-9007dbb32a58","03/02/2018 07:16",2,"TS7_Q0","N",NA,NA,"FS",NA
"28","uuid:3ff8a3a3-13b7-451c-bc07-e2a643ec49cb","03/02/2018 07:25",2,"TS6_Q0","N",NA,NA,"FS",NA
"29","uuid:51330a57-27ff-4ddd-bac1-a398742b31a2","03/02/2018 07:34",2,"TS5_Q0","N",NA,NA,"FS",NA
"30","uuid:87eb205e-a30b-4d76-a482-04a0e5005889","03/02/2018 07:38",2,"TS10_Q0","Y",NA,NA,"FS",NA
"31","uuid:7189ff6f-2ced-43d7-bb24-19432b274e57","03/02/2018 07:57",2,"TS14_Q0","N",NA,NA,"FS",NA
"32","uuid:6f1aa38b-a4c6-498f-a9c8-1649499f46f0","03/02/2018 08:01",2,"TS15_Q0","N",NA,NA,"FS",NA
"33","uuid:21d641c8-564d-40f5-b039-672934eecde4","03/02/2018 08:07",2,"TS16_Q0","N",NA,NA,"FS",NA
"34","uuid:11aaf38e-78ce-49a8-ac35-b298e490f140","03/02/2018 08:16",2,"TS12_Q0","Y",NA,NA,"FS",NA
"35","uuid:d3020d3a-9ab2-4e58-84c2-8cd636438840","03/02/2018 08:23",2,"TS17_Q0","N",NA,NA,"FS",NA
"36","uuid:675a063e-a541-4717-bc53-741547156c88","03/02/2018 08:25",2,"TS18_Q0","N",NA,NA,"FS",NA
"37","uuid:5773b9c4-133c-4379-8722-b279c21116c7","03/02/2018 08:27",2,"TS19_Q0","N",NA,NA,"FS",NA
"38","uuid:c0031150-40a3-4aa4-8b01-92facf0946a0","03/02/2018 08:32",2,"TS2_Q0","Y",NA,NA,"FS",NA
"39","uuid:47c42140-55bf-4d79-803c-f45585650785","03/02/2018 08:38",2,"TS3_Q0","Y",NA,NA,"FS",NA
"40","uuid:257af4b5-eee3-4f8f-ad40-ffbb1ea8c495","03/02/2018 08:49",2,"TS1_Q0","N",NA,NA,"FS",NA
"41","uuid:b2d366fc-8255-4b0c-9923-a65c572142c0","03/02/2018 09:09",2,"TS11_Q0","N",NA,NA,"FS",NA
"42","uuid:6f0707f0-e651-4e80-85d5-c7b1849f6a9c","08/02/2018 07:52",2,"TS13_Q0","N",NA,NA,"FS",NA
"43","uuid:18f2b5e1-fccd-40a2-87a2-bef5122e0657","08/02/2018 07:55",2,"TS20_Q0","N",NA,NA,"FS",NA
"44","uuid:e7d3387c-4880-427e-aa70-833cc8c75340","08/02/2018 08:03",2,"TS21_Q0","N",NA,NA,"FS",NA
"45","uuid:a905b6d6-93c4-43b2-973a-74521f7a2a79","08/02/2018 08:06",2,"TS22_Q0","N",NA,NA,"FS",NA
"46","uuid:45762144-7179-437c-a9ff-26c955b7227c","08/02/2018 08:11",2,"TS23_Q0","N",NA,NA,"FS",NA
"47","uuid:7492bfc7-1256-46b7-8274-6fe16c133ea2","08/02/2018 08:14",2,"TS24_Q0","N",NA,NA,"FS",NA
"48","uuid:57f1f7fe-8530-4b2f-bb23-bf6439d617ac","08/02/2018 08:16",2,"TS25_Q0","N",NA,NA,"FS",NA
"49","uuid:9e6b445b-5f52-4c19-88bc-9b736c6a3d48","10/02/2018 07:01",3,"TS9_Q0","N",NA,NA,"FS",NA
"50","uuid:377db2c5-7aad-4bb3-b6d7-d694bb496ddb","10/02/2018 07:05",3,"TS8_Q0","N",NA,NA,"FS",NA
"51","uuid:09629827-fffb-4489-8d8d-9772f82c21b1","10/02/2018 07:17",3,"TS7_Q0","N",NA,NA,"FS",NA
"52","uuid:e6d24361-4b76-42d7-a05b-ccc1edd2b0d4","10/02/2018 07:26",3,"TS6_Q0","N",NA,NA,"FS",NA
"53","uuid:b81d299e-239f-42c7-a9a8-7fe410c272a3","10/02/2018 07:30",3,"TS5_Q0","N",NA,NA,"FS",NA
"54","uuid:f8502d6d-b780-46a1-b758-5b0a48d2068e","10/02/2018 07:35",3,"TS10_Q0","N",NA,NA,"FS",NA
"55","uuid:a1d7e72e-1927-4334-89df-899ab91154d1","10/02/2018 07:48",3,"TS14_Q0","N",NA,NA,"FS",NA
"56","uuid:6cd9184a-ac0c-496c-a152-c22f2b7a31bf","10/02/2018 07:53",3,"TS15_Q0","N",NA,NA,"FS",NA
"57","uuid:2bd3c31c-d5bf-4343-b054-7cc05cc97666","10/02/2018 07:59",3,"TS16_Q0","N",NA,NA,"FS",NA
"58","uuid:e9e64647-60d5-4d67-947f-eebd2d35f37b","10/02/2018 08:04",3,"TS12_Q0","N",NA,NA,"FS",NA
"59","uuid:c2394589-7056-4edd-8149-cfda9779896f","10/02/2018 08:05",3,"TS17_Q0","N",NA,NA,"FS",NA
"60","uuid:3cdc0e7f-c6ec-4ef6-9576-f3d777680dc1","10/02/2018 08:08",3,"TS18_Q0","N",NA,NA,"FS",NA
"61","uuid:d7c672db-120b-4f8c-b70e-55ef7951d096","10/02/2018 08:09",3,"TS19_Q0","N",NA,NA,"FS",NA
"62","uuid:a63e355f-e898-4c6b-8a53-24a8c701470e","10/02/2018 08:14",3,"TS3_Q0","N",NA,NA,"FS",NA
"63","uuid:ca661806-0777-44ac-b0cc-a21ca806bd23","10/02/2018 08:20",3,"TS1_Q0","Y",NA,NA,"FS",NA
"64","uuid:014c9d07-ad80-4468-aecd-96c35839bec6","10/02/2018 09:01",3,"TS11_Q0","N",NA,NA,"FS",NA
"65","uuid:3267ed95-c4d4-4c8e-9269-146e09e24a95","11/02/2018 17:30",3,"TS2_Q0","Y",NA,NA,"FS",NA
"66","uuid:7ff5f4a8-49a6-4807-ab9f-c49e1231750f","16/02/2018 10:10",3,"TS13_Q0","N",NA,NA,"FS",NA
"67","uuid:d7f78a65-fb00-4647-b1a3-52edef778dbe","16/02/2018 10:14",3,"TS20_Q0","N",NA,NA,"FS",NA
"68","uuid:6947c5ff-e3ea-4f56-b192-ded9a58f8eda","16/02/2018 10:22",3,"TS22_Q0","N",NA,NA,"FS",NA
"69","uuid:d1510da1-37a1-4e77-9425-9e2caa4210e0","16/02/2018 10:24",3,"TS21_Q0","N",NA,NA,"FS",NA
"70","uuid:6123e33b-cece-490c-be36-e99b46511973","16/02/2018 10:32",3,"TS23_Q0","N",NA,NA,"FS",NA
"71","uuid:0e4e4757-e21a-429e-a33d-68a49668a744","16/02/2018 10:34",3,"TS24_Q0","N",NA,NA,"FS",NA
"72","uuid:51cfbb73-4f07-4d14-a866-4f9a4cc65604","16/02/2018 10:37",3,"TS25_Q0","N",NA,NA,"FS",NA
"73","uuid:f866510f-fd91-4356-b729-aa70d8e6ce90","26/02/2018 06:58",4,"TS9_Q0","N",NA,NA,"FS",NA
"74","uuid:f7b88855-aa8a-4712-a664-d58d0b65e13c","26/02/2018 07:02",4,"TS8_Q0","Y",NA,NA,"FS",NA
"75","uuid:480d7bd3-0345-4bde-ac6e-08a0b3a43ee7","26/02/2018 07:21",4,"TS7_Q0","N",NA,NA,"FS",NA
"76","uuid:33b5d429-ed43-4a3e-81df-c2ecdfad4ba9","26/02/2018 07:32",4,"TS6_Q0","Y",NA,NA,"FS",NA
"77","uuid:677fc08f-6e72-4ac6-90ba-c6dea705cff6","26/02/2018 07:39",4,"TS5_Q0","N",NA,NA,"FS",NA
"78","uuid:616ad32d-a5da-4dbf-94e3-7d16dcd841bf","26/02/2018 07:44",4,"TS10_Q0","N",NA,NA,"FS",NA
"79","uuid:2333b5ad-0973-4397-8b4a-8d0e2e1f4e29","26/02/2018 07:56",4,"TS14_Q0","N",NA,NA,"FS",NA
"80","uuid:4b7e6493-5084-4bb1-be72-b3627a711377","26/02/2018 08:02",4,"TS15_Q0","N",NA,NA,"FS",NA
"81","uuid:e6e834a4-b350-4af6-98fe-dfc3f0f9b05a","26/02/2018 08:07",4,"TS16_Q0","N",NA,NA,"FS",NA
"82","uuid:4e1703ad-7b19-4645-a3b9-86651571e2f5","26/02/2018 08:15",4,"TS12_Q0","Y",NA,NA,"FS",NA
"83","uuid:4500a9c4-6fc1-43db-81e9-e856ba8fe90e","26/02/2018 08:29",4,"TS17_Q0","N",NA,NA,"FS",NA
"84","uuid:829a272c-8d94-4ee3-bd30-b38ab4264648","26/02/2018 08:31",4,"TS18_Q0","Y",NA,NA,"FS",NA
"85","uuid:4c0392eb-66ba-4eaa-8642-6a3e3de49a29","26/02/2018 08:36",4,"TS19_Q0","N",NA,NA,"FS",NA
"86","uuid:d3d9b477-16c9-4153-8802-f8ab7009ce35","26/02/2018 08:40",4,"TS2_Q0","N",NA,NA,"FS",NA
"87","uuid:ec54a1b9-073a-43da-8900-6a03c3e985d6","26/02/2018 08:41",4,"TS3_Q0","N",NA,NA,"FS",NA
"88","uuid:b6a83f94-f2a6-4218-aab9-811519a6f4fe","26/02/2018 08:47",4,"TS1_Q0","Y",NA,NA,"FS",NA
"89","uuid:a89836bb-8295-4a22-aacd-5acc0cd1eacf","26/02/2018 09:08",4,"TS11_Q0","N",NA,NA,"FS",NA
"90","uuid:9cdfebef-f897-45da-9f0e-2d685eb1b249","27/02/2018 07:27",4,"TS25_Q0","N",NA,NA,"FS",NA
"91","uuid:86fd98eb-4ec0-4e79-9ebb-1d4c10c4a8e4","27/02/2018 07:29",4,"TS24_Q0","N",NA,NA,"FS",NA
"92","uuid:ba1cd30e-09d8-4e4c-859c-7fdeba6661c5","27/02/2018 07:31",4,"TS23_Q0","N",NA,NA,"FS",NA
"93","uuid:184b6b95-aca6-4223-87c2-bf5b688afe49","27/02/2018 07:36",4,"TS22_Q0","N",NA,NA,"FS",NA
"94","uuid:213e850b-3078-4afd-a0c3-7fa279c77d54","27/02/2018 07:38",4,"TS21_Q0","N",NA,NA,"FS",NA
"95","uuid:5c1906c5-8e99-4021-8f6c-90c36615327b","27/02/2018 07:46",4,"TS20_Q0","N",NA,NA,"FS",NA
"96","uuid:b7bb98b3-ea1d-4ff7-a83f-742b165db4d9","27/02/2018 07:49",4,"TS13_Q0","N",NA,NA,"FS",NA
"97","uuid:3450d9d0-d68b-4bbd-8774-60bd0d44de9a","09/03/2018 07:13",5,"TS9_Q0","N",NA,NA,"FS",NA
"98","uuid:272a9e74-f9df-4a99-841f-5ba0b6b35e8e","09/03/2018 07:16",5,"TS8_Q0","Y",NA,NA,"FS",NA
"99","uuid:1bdeec92-c02b-4ac1-bf51-bd2ff2b7e875","09/03/2018 07:34",5,"TS7_Q0","N",NA,NA,"FS",NA
"100","uuid:8b892d7d-479b-488e-81fc-8d9f2ec267a6","09/03/2018 07:44",5,"TS6_Q0","N",NA,NA,"FS",NA
"101","uuid:226ad9a1-48cb-4b0a-af36-c3dbbc81688f","09/03/2018 07:49",5,"TS5_Q0","N",NA,NA,"FS",NA
"102","uuid:4e63c370-698a-4901-85b0-1c20fa1105c2","09/03/2018 07:54",5,"TS10_Q0","N",NA,NA,"FS",NA
"103","uuid:e34b9f1f-0e3f-4f18-ba0a-e513f85d7795","09/03/2018 08:06",5,"TS14_Q0","N",NA,NA,"FS",NA
"104","uuid:e45a8c82-088c-47af-a735-85d6d83b5522","09/03/2018 08:10",5,"TS15_Q0","N",NA,NA,"FS",NA
"105","uuid:acecb61f-0d9a-473f-b23c-7403822b30e6","09/03/2018 08:14",5,"TS16_Q0","N",NA,NA,"FS",NA
"106","uuid:224bac3c-ddcb-4abe-aadd-92e0c96dcab0","09/03/2018 08:20",5,"TS12_Q0","N",NA,NA,"FS",NA
"107","uuid:afa0a346-b586-4e2d-89f9-9c1e73cc862c","09/03/2018 08:21",5,"TS17_Q0","N",NA,NA,"FS",NA
"108","uuid:7abbe94f-27ff-4311-9fed-5968b192e285","09/03/2018 08:23",5,"TS18_Q0","N",NA,NA,"FS",NA
"109","uuid:f5f85b90-0a68-4416-ad80-a96c2ce47df0","09/03/2018 08:24",5,"TS19_Q0","N",NA,NA,"FS",NA
"110","uuid:8c39088a-4e58-4d2b-9c0c-89f471f3cd84","09/03/2018 08:28",5,"TS2_Q0","N",NA,NA,"FS",NA
"111","uuid:da15142d-c2ed-4dd4-8cfa-9bdc9e9910db","09/03/2018 08:29",5,"TS3_Q0","N",NA,NA,"FS",NA
"112","uuid:8e3f7d61-7466-4d9d-b9e7-e4f55e86b4ee","09/03/2018 08:34",5,"TS1_Q0","N",NA,NA,"FS",NA
"113","uuid:04d01023-b5e8-4fbf-93a8-1f1679b17464","09/03/2018 08:52",5,"TS11_Q0","Y",NA,NA,"FS",NA
"114","uuid:c58b0a52-dc03-4fb2-b858-ea224170893a","11/03/2018 07:30",5,"TS22_Q0","N",NA,NA,"FS",NA
"115","uuid:c2fe46e2-deac-421c-8ec5-e93446ebe3aa","11/03/2018 07:34",5,"TS23_Q0","N",NA,NA,"FS",NA
"116","uuid:72be4cfe-677e-41c9-90f0-44dde70222b9","11/03/2018 07:36",5,"TS24_Q0","N",NA,NA,"FS",NA
"117","uuid:e730e5f5-cff1-494a-bf3f-7fb1571be6a7","11/03/2018 07:38",5,"TS25_Q0","N",NA,NA,"FS",NA
"118","uuid:437ee648-32dc-4401-9a49-e616a057dc34","11/03/2018 07:46",5,"TS21_Q0","N",NA,NA,"FS",NA
"119","uuid:99b45386-7b4a-41c6-a9a8-a9e236555451","11/03/2018 07:53",5,"TS20_Q0","N",NA,NA,"FS",NA
"120","uuid:ec4c848d-80c3-47e9-a14e-2621e71225aa","11/03/2018 07:56",5,"TS13_Q0","N",NA,NA,"FS",NA
"121","uuid:8e980fa5-fca5-48e2-b7a5-7d07f1f0c0e1","17/03/2018 07:36",6,"TS9_Q0","N",NA,NA,"FS",NA
"122","uuid:ce78a02f-98d3-4fd1-9b50-d9d6246bb45c","17/03/2018 07:41",6,"TS8_Q0","N",NA,NA,"FS",NA
"123","uuid:0436ff74-c6e2-41e4-a6da-496e5a906090","17/03/2018 07:54",6,"TS7_Q0","N",NA,NA,"FS",NA
"124","uuid:2f663c6a-9177-4cbd-b4cd-c52d6ac0e6a2","17/03/2018 08:03",6,"TS6_Q0","N",NA,NA,"FS",NA
"125","uuid:fb2eb660-c92f-4027-82c9-994ceeaffc50","17/03/2018 08:08",6,"TS5_Q0","N",NA,NA,"FS",NA
"126","uuid:cf18c2f1-a75c-4510-8ca6-a812c0e224f5","17/03/2018 08:13",6,"TS10_Q0","N",NA,NA,"FS",NA
"127","uuid:4ca76d9a-9508-4d75-8a0b-739defe2d12d","17/03/2018 08:25",6,"TS14_Q0","N",NA,NA,"FS",NA
"128","uuid:4f1c9de9-4bd1-42d4-9da2-f2299feb4abe","17/03/2018 08:30",6,"TS15_Q0","N",NA,NA,"FS",NA
"129","uuid:44c46e4e-34e1-4381-b70c-3bfb943e2f30","17/03/2018 08:34",6,"TS16_Q0","N",NA,NA,"FS",NA
"130","uuid:703594ec-e9be-4cad-b3f5-c304a54bcad4","17/03/2018 08:39",6,"TS17_Q0","N",NA,NA,"FS",NA
"131","uuid:476b8e9b-2217-4d13-960d-8ddd0428da81","17/03/2018 08:40",6,"TS12_Q0","N",NA,NA,"FS",NA
"132","uuid:c258c9da-2ca6-4a19-996e-f156a0574192","17/03/2018 08:41",6,"TS18_Q0","N",NA,NA,"FS",NA
"133","uuid:a19e1136-8733-4c60-bd33-091c70910ef8","17/03/2018 08:43",6,"TS19_Q0","N",NA,NA,"FS",NA
"134","uuid:f52c4260-4277-44d2-87b5-60aa3da8f38d","17/03/2018 08:46",6,"TS2_Q0","N",NA,NA,"FS",NA
"135","uuid:7a32e0c6-4c14-42e5-aefd-3cedf70046ac","17/03/2018 08:47",6,"TS3_Q0","N",NA,NA,"FS",NA
"136","uuid:607344a8-43d5-456e-8cca-6528df73bd55","17/03/2018 08:52",6,"TS1_Q0","N",NA,NA,"FS",NA
"137","uuid:49550ccc-afa2-42fe-a73d-c8963cbc16a4","17/03/2018 09:12",6,"TS11_Q0","N",NA,NA,"FS",NA
"138","uuid:92ef5d68-d775-421c-a57d-7cdeb51eabdf","18/03/2018 07:21",6,"TS23_Q0","N",NA,NA,"FS",NA
"139","uuid:6c4a92b5-f0ee-48a1-8302-5057f15b5a91","18/03/2018 07:23",6,"TS24_Q0","N",NA,NA,"FS",NA
"140","uuid:97e358f4-d67e-469b-9fa6-4b4cf4a75e10","18/03/2018 07:25",6,"TS25_Q0","N",NA,NA,"FS",NA
"141","uuid:ad62696b-b03f-494e-a09b-086d1eaf583d","18/03/2018 07:31",6,"TS22_Q0","N",NA,NA,"FS",NA
"142","uuid:5c7b6dac-16f4-46e1-a68a-e3077f385906","18/03/2018 07:33",6,"TS21_Q0","N",NA,NA,"FS",NA
"143","uuid:641ee1d5-6dc6-4f76-81d7-360fdc024837","18/03/2018 07:46",6,"TS20_Q0","N",NA,NA,"FS",NA
"144","uuid:8946f745-b93c-4499-bab9-acd5f751248e","18/03/2018 07:49",6,"TS13_Q0","N",NA,NA,"FS",NA
"145","uuid:42dd033d-cde3-479a-9c28-394d102a333c","24/03/2018 07:29",7,"TS9_Q0","N",1,2,"FS",NA
"146","uuid:224a7441-be8a-4893-a65d-95b2f5e307f9","24/03/2018 07:35",7,"TS8_Q0","N",1,4,"FS",NA
"147","uuid:061b6ec0-7016-4712-9ad7-056c77c6fa4a","24/03/2018 07:48",7,"TS7_Q0","N",1,4,"FS",NA
"148","uuid:9e7e770c-c1e0-4b49-8889-48d6651370b7","24/03/2018 08:00",7,"TS6_Q0","Y",1,0,"FS",NA
"149","uuid:466c5e5e-09ff-4333-9566-d8b8ace14c1f","24/03/2018 08:09",7,"TS5_Q0","N",3,2,"FS",NA
"150","uuid:7ec7ca36-0e13-44fb-a623-31993055e441","24/03/2018 08:18",7,"TS10_Q0","N",1,1,"FS",NA
"151","uuid:77218544-e88b-4985-a71e-edda84817f86","24/03/2018 08:33",7,"TS14_Q0","N",1,3,"FS",NA
"152","uuid:a0b465e0-1c16-4894-9b2b-838c0ccfa90d","24/03/2018 08:40",7,"TS15_Q0","N",1,1,"FS",NA
"153","uuid:12156a81-fcd4-4c45-80aa-68edfcb2afb8","24/03/2018 08:47",7,"TS16_Q0","N",1,3,"FS",NA
"154","uuid:722a66a4-623d-4771-ae0b-ed2d86e5bd42","24/03/2018 08:54",7,"TS12_Q0","N",1,1,"FS",NA
"155","uuid:9c2635e5-7d0f-4923-b957-4d327378b8d0","24/03/2018 08:55",7,"TS17_Q0","N",0,0,"FS",NA
"156","uuid:90511bdd-b636-4728-955d-2d64655b453b","24/03/2018 08:57",7,"TS18_Q0","N",2,4,"FS",NA
"157","uuid:76aee71f-610b-44aa-85a9-7f267131d875","24/03/2018 08:58",7,"TS19_Q0","N",1,3,"FS",NA
"158","uuid:00a43fdc-2712-41c1-a546-cddab3cce80a","24/03/2018 09:04",7,"TS2_Q0","N",2,4,"FS",NA
"159","uuid:c27f75b7-a3fe-4c24-b0d1-f741c17c6d51","24/03/2018 09:05",7,"TS3_Q0","N",1,0,"FS",NA
"160","uuid:786ae921-fc2e-42c2-b267-0b89837cbb95","24/03/2018 09:11",7,"TS1_Q0","N",1,0,"FS",NA
"161","uuid:fbef909a-76b2-4b49-8d7f-04ca4a6ffbc7","24/03/2018 09:32",7,"TS11_Q0","N",1,3,"FS",NA
"162","uuid:1f9ea4c9-4043-475f-abe5-b5437131efe9","25/03/2018 07:32",7,"TS25_Q0","N",0,0,"FS",NA
"163","uuid:e7664365-6c36-43ef-9c54-0a420a924ddf","25/03/2018 07:35",7,"TS24_Q0","N",1,3,"FS",NA
"164","uuid:ec6b81cf-4f00-4879-be1c-ce8ff8386e63","25/03/2018 07:37",7,"TS23_Q0","N",2,4,"FS",NA
"165","uuid:946e464a-7d83-4c0d-afa4-a89663011297","25/03/2018 07:43",7,"TS22_Q0","N",0,0,"FS",NA
"166","uuid:1fd9431d-041b-4dc8-9064-9c93b64e2a21","25/03/2018 07:45",7,"TS21_Q0","N",0,0,"FS",NA
"167","uuid:e30aaaef-7568-4127-9cdc-3804b9a54d3c","25/03/2018 07:52",7,"TS20_Q0","N",0,0,"FS",NA
"168","uuid:74dbd40e-8b49-4f67-b661-e19590214fa7","25/03/2018 07:55",7,"TS13_Q0","N",0,0,"FS",NA
"169","uuid:b38b2ce0-bebd-4998-96f4-36e018b3420b","03/04/2018 07:24",8,"TS9_Q0","N",1,2,"FS",NA
"170","uuid:c2316736-b858-4c01-b7eb-58a0913a1d08","03/04/2018 07:30",8,"TS8_Q0","N",1,0,"FS",NA
"171","uuid:9d543944-d3fe-40be-9c7d-c88c2d42d114","03/04/2018 07:42",8,"TS7_Q0","N",1,3,"FS",NA
"172","uuid:8dbc71c5-41a7-4e9f-9c18-b647e71ad593","03/04/2018 07:48",8,"TS6_Q0","N",1,0,"FS",NA
"173","uuid:76a98279-7a80-406b-89fa-9cf365404af5","03/04/2018 07:55",8,"TS5_Q0","N",2,2,"FS",NA
"174","uuid:4c36f01c-c575-466c-bcdd-f3507e88bcb7","03/04/2018 08:00",8,"TS10_Q0","N",1,0,"FS",NA
"175","uuid:d7981133-751a-4105-a634-27b0b6aaba63","03/04/2018 08:12",8,"TS14_Q0","N",1,3,"FS",NA
"176","uuid:70952cf5-50af-403c-b419-ced2a2f3e775","03/04/2018 08:16",8,"TS15_Q0","N",1,3,"FS",NA
"177","uuid:966aa973-0b80-4785-bf93-069901e5d2d2","03/04/2018 08:24",8,"TS16_Q0","N",1,2,"FS",NA
"178","uuid:76c7935b-2a3b-452e-91b1-feeb5488bdd6","03/04/2018 08:34",8,"TS12_Q0","N",2,3,"FS",NA
"179","uuid:e7a03c49-058e-4119-aa20-237319e56071","03/04/2018 08:35",8,"TS17_Q0","N",0,0,"FS",NA
"180","uuid:6a3cbd5c-1797-4239-b731-99edd3851cc4","03/04/2018 08:37",8,"TS18_Q0","N",2,4,"FS",NA
"181","uuid:b4ede8bc-68e2-4871-8d0d-519c69c55e6e","03/04/2018 08:43",8,"TS19_Q0","N",1,3,"FS",NA
"182","uuid:e4deb836-b5d4-45c8-8b7f-69311ec3a084","03/04/2018 08:48",8,"TS2_Q0","N",2,2,"FS",NA
"183","uuid:6a9adfe7-8a0c-4866-85f3-1c5f87e076be","03/04/2018 08:49",8,"TS3_Q0","N",1,3,"FS",NA
"184","uuid:29c6ccea-7ec6-4e08-ad66-497c2192925b","03/04/2018 08:55",8,"TS1_Q0","N",NA,0,"FS",NA
"185","uuid:ae9c1fbf-cc21-4628-839a-548ebe318d99","03/04/2018 09:11",8,"TS11_Q0","N",1,4,"FS",NA
"186","uuid:b4ee6e88-11ca-4e1b-af64-6bb4c1d9b63c","05/04/2018 07:31",8,"TS25_Q0","N",1,0,"FS",NA
"187","uuid:de190712-7788-470a-9ce2-16f8f12dbbc3","05/04/2018 07:36",8,"TS24_Q0","N",1,4,"FS",NA
"188","uuid:a5ddeec3-4d91-4324-91c4-0384a3872a54","05/04/2018 07:39",8,"TS23_Q0","N",2,4,"FS",NA
"189","uuid:cca9c3e7-cff3-4248-b2fc-78339a24b021","05/04/2018 07:42",8,"TS22_Q0","N",1,0,"FS",NA
"190","uuid:3f0b48b3-7009-4c96-80a0-c4c97954b766","05/04/2018 07:45",8,"TS21_Q0","N",0,0,"FS",NA
"191","uuid:2ab547f1-962e-4313-b6a5-65f63e17f58c","05/04/2018 07:56",8,"TS20_Q0","N",0,0,"FS",NA
"192","uuid:3461527d-5731-45fa-a9bb-21d81dc32ede","05/04/2018 08:06",8,"TS13_Q0","N",0,0,"FS",NA
"193","uuid:e87913f6-6f30-4844-984f-9a077c8014bd","12/04/2018 07:05",9,"TS30_Q0","N",1,2,"FS",NA
"194","uuid:2b628ad9-3a00-4297-8203-1f2c0d5e9d8f","12/04/2018 07:09",9,"TS9_Q0","N",2,1,"FS",NA
"195","uuid:158225fd-d4d0-46e0-9434-c75b1f0a0b36","12/04/2018 07:10",9,"TS6_Q0","N",1,0,"FS",NA
"196","uuid:c8ac9f2a-c660-4002-bcf6-8a1a7c6c0236","12/04/2018 07:10",9,"TS8_Q0","N",0,0,"FS",NA
"197","uuid:860c8063-1af1-4b55-be68-76504cb5c8ee","12/04/2018 07:11",9,"TS5_Q0","N",2,0,"FS",NA
"198","uuid:352d5c53-8dd2-466e-a28c-9606e42d7c7f","12/04/2018 07:12",9,"TS1_Q0","N",2,0,"FS",NA
"199","uuid:917862a6-8bbd-42d4-af0b-64c10e5383ab","12/04/2018 07:12",9,"TS10_Q0","N",0,0,"FS",NA
"200","uuid:b2c09532-5c40-4f37-a115-227991ef2608","12/04/2018 07:13",9,"TS14_Q0","Y",1,2,"FS",NA
"201","uuid:45807cc4-7d45-4bfe-94d0-9cba230dfc75","12/04/2018 07:13",9,"TS29_Q0","N",1,0,"FS",NA
"202","uuid:43b6e0c5-d484-40dc-80b5-8de4e7196b23","12/04/2018 07:14",9,"TS15_Q0","Y",1,0,"FS",NA
"203","uuid:3e0442a7-6211-4592-8f68-9ba552fbce5d","12/04/2018 07:16",9,"TS27_Q0","Y",1,1,"FS",NA
"204","uuid:ce0d19d9-257b-45a8-bee6-55071f7b9cbe","12/04/2018 07:17",9,"TS12_Q0","N",1,0,"FS",NA
"205","uuid:64501135-b6b9-4a9a-84e9-09d3d66867d6","12/04/2018 07:18",9,"TS17_Q0","N",0,0,"FS",NA
"206","uuid:3016cce7-e192-445c-8f1e-0929f37f7625","12/04/2018 07:18",9,"TS18_Q0","N",1,1,"FS",NA
"207","uuid:82d89818-10bc-48e5-a527-5a6a835b4308","12/04/2018 07:19",9,"TS19_Q0","Y",1,1,"FS",NA
"208","uuid:f7f8b655-f2ef-4e76-abe2-2d7f11230b58","12/04/2018 07:20",9,"TS2_Q0","N",1,2,"FS",NA
"209","uuid:d4d1e528-b972-462f-97fa-6cea7e557ea6","12/04/2018 07:23",9,"TS11_Q0","N",0,0,"FS",NA
"210","uuid:83062d6b-b803-4134-bdd2-377a81484b5e","12/04/2018 07:23",9,"TS3_Q0","N",1,2,"FS",NA
"211","uuid:5d37462e-c183-4790-ba03-ac15ba25eb62","13/04/2018 12:20",9,"TS25_Q0","N",0,0,"FS",NA
"212","uuid:8d0339c8-8037-4db2-ba16-0e18963f3c31","13/04/2018 12:23",9,"TS24_Q0","N",1,2,"FS",NA
"213","uuid:8c69a824-993d-4cd8-88a0-5c44d7bc05a0","13/04/2018 12:28",9,"TS23_Q0","N",1,0,"FS",NA
"214","uuid:d7f22784-a579-4046-ba98-a83a1afc722f","13/04/2018 12:35",9,"TS22_Q0","N",0,0,"FS",NA
"215","uuid:5e04e501-a0e5-4a8c-9ca8-63043080d34c","13/04/2018 12:38",9,"TS21_Q0","N",0,0,"FS",NA
"216","uuid:d45894bc-621f-40fc-a3de-9bee86555994","13/04/2018 12:49",9,"TS20_Q0","N",0,0,"FS",NA
"217","uuid:ddf07aef-ef24-4e73-b93f-6b38facb8934","13/04/2018 12:54",9,"TS13_Q0","N",0,1,"FS",NA
"218","uuid:d4aa999a-579f-4728-ad30-054694b59b5b","13/04/2018 13:18",9,"TS28_Q0","N",0,1,"FS",NA
"219","uuid:421238f7-fe4a-478c-8b52-9301b85b315f","15/04/2018 12:25",9,"TS30_Q0","Y",1,2,"FS",NA
"220","","23/04/2018 00:00",10,"TS1_Q0","Y",NA,NA,"FS",NA
"221","uuid:684e299f-7172-421e-b296-f0f848ffd510","29/04/2018 06:54",10,"TS25_Q0","N",2,1,"FS",NA
"222","uuid:34c1ae6b-ff41-4beb-858c-12c421263164","29/04/2018 06:58",10,"TS24_Q0","N",0,0,"FS",NA
"223","uuid:7cea45f4-b2a7-43eb-88f2-8efa2fd1b39d","29/04/2018 07:04",10,"TS23_Q0","N",1,4,"FS",NA
"224","uuid:3a9a4849-5fa0-4104-bd83-d1f94acc7d50","29/04/2018 07:16",10,"TS22_Q0","N",1,0,"FS",NA
"225","uuid:eca9833c-ace2-4ae7-a193-79356935a45c","29/04/2018 07:23",10,"TS21_Q0","N",1,2,"FS",NA
"226","uuid:c082fe99-5999-4709-ab2a-212da18851ec","29/04/2018 07:28",10,"TS20_Q0","N",0,0,"FS",NA
"227","uuid:acb5abc9-02ab-48ff-9aab-1fafb3a329fc","29/04/2018 07:31",10,"TS13_Q0","N",1,0,"FS",NA
"228","uuid:a7aee2c1-6c3f-4c0c-b2a2-f99bf4db7234","29/04/2018 08:34",10,"TS9_Q0","N",2,1,"FS",NA
"229","uuid:4cce8ab9-5ea2-4739-8595-7e69157b67e4","29/04/2018 08:39",10,"TS8_Q0","N",1,2,"FS",NA
"230","uuid:d0ffd8d7-3285-4187-adc1-faac80f92702","29/04/2018 08:50",10,"TS7_Q0","N",1,3,"FS",NA
"231","uuid:30e0ad99-115e-42a9-be5d-7cd2979734f1","29/04/2018 08:54",10,"TS6_Q0","N",1,2,"FS",NA
"232","uuid:5680931a-0086-436e-9f59-8c65af3f287d","29/04/2018 09:00",10,"TS5_Q0","N",1,1,"FS",NA
"233","uuid:5a594a66-5c3b-411f-b5a4-35628ab7aad5","29/04/2018 09:04",10,"TS10_Q0","N",1,3,"FS",NA
"234","uuid:5c765b14-5908-4a05-9686-afdb8b09af8e","29/04/2018 09:15",10,"TS14_Q0","N",2,3,"FS",NA
"235","uuid:c2ebd5c9-8f4f-4897-b86f-29d068349ade","29/04/2018 09:21",10,"TS15_Q0","N",1,2,"FS",NA
"236","uuid:37135aeb-6fec-4581-bd00-f2a766bebac7","29/04/2018 09:26",10,"TS16_Q0","N",1,2,"FS",NA
"237","uuid:72274bb8-00c8-4da9-8a09-b2ac80bb30a3","29/04/2018 09:35",10,"TS12_Q0","N",2,1,"FS",NA
"238","uuid:2f80bf75-d7a0-4b30-9744-b2d4ad0b8e1e","29/04/2018 09:38",10,"TS17_Q0","N",0,0,"FS",NA
"239","uuid:764571b3-debd-485d-b6d0-d890bb93289a","29/04/2018 09:41",10,"TS18_Q0","N",2,4,"FS",NA
"240","uuid:8be72f84-60d9-4d20-a063-4af56c1ccef5","29/04/2018 09:44",10,"TS19_Q0","N",1,1,"FS",NA
"241","uuid:b2cbb9b4-f1f3-4e40-b31d-c717dfff90c3","29/04/2018 09:55",10,"TS2_Q0","N",3,4,"FS",NA
"242","uuid:1d42a224-eb67-48ea-93ed-9ed0936243e7","29/04/2018 09:57",10,"TS3_Q0","N",1,1,"FS",NA
"243","uuid:f93ebf9a-e529-46fa-9052-8fbe5f2f2569","29/04/2018 10:06",10,"TS1_Q0","N",1,0,"FS",NA
"244","uuid:a03563d1-c152-4ab1-9356-7d354cab00f8","29/04/2018 10:10",10,"TS28_Q0","N",1,0,"FS",NA
"245","uuid:b7f27f6f-41e5-4034-94e3-440c39818030","29/04/2018 10:44",10,"TS11_Q0","N",1,3,"FS",NA
"246","uuid:a2d2e547-575f-474a-8b7d-a7fed2581434","30/04/2018 12:22",10,"TS30_Q0","N",2,0,"FS",NA
"247","uuid:e4757e32-3746-4eaa-b95c-ea14c88a237f","03/05/2018 15:51",10,"TS29_Q0","N",1,0,"FS",NA
"248","uuid:018f8224-4434-493f-ab7f-1d1c7948b73c","03/05/2018 16:11",10,"TS27_Q0","N",0,3,"FS",NA
"249","uuid:dd19d3c3-84ba-4f85-896c-abe5c7872ba9","29/10/2018 19:12",11,"TS9_Q0","N",1,0,"FS",NA
"250","uuid:35b2ad9f-d0db-4b88-9164-4b2229424980","29/10/2018 19:18",11,"TS8_Q0","Y",2,0,"FS",NA
"251","uuid:db7a1e2e-cee9-4d57-b07b-5ed8954cd82e","29/10/2018 19:25",11,"TS7_Q0","N",1,0,"FS",NA
"252","uuid:291d2a0f-82e0-459d-af2c-8df41562a849","29/10/2018 19:26",11,"TS6_Q0","N",0,0,"FS",NA
"253","uuid:ef292c58-a413-4f0c-8a25-573f30ec4764","29/10/2018 19:27",11,"TS5_Q0","Y",1,0,"FS",NA
"254","uuid:135680ca-4b80-456a-8a98-b95e01595af8","29/10/2018 19:28",11,"TS10_Q0","N",0,0,"FS",NA
"255","uuid:14fec600-8ec4-4c50-97c0-15bb72aa7cf7","29/10/2018 19:29",11,"TS14_Q0","N",0,0,"FS",NA
"256","uuid:249f33e3-a6ab-41c9-8df1-0c8ffb797271","29/10/2018 19:30",11,"TS15_Q0","N",2,2,"FS",NA
"257","uuid:5dcd1256-81b0-4a3a-a79e-0ff96754e6f9","29/10/2018 19:31",11,"TS12_Q0","Y",1,0,"FS",NA
"258","uuid:273c8c19-7b49-4d51-a817-91f62911480d","29/10/2018 19:31",11,"TS16_Q0","N",0,0,"FS",NA
"259","uuid:78e6f3ad-46dc-44e3-b076-dd22fce2be08","29/10/2018 19:33",11,"TS18_Q0","Y",2,0,"FS",NA
"260","uuid:4aeb8e11-b045-4421-b93e-a4f6693097a2","30/10/2018 09:22",11,"TS1_Q0","N",1,0,"FS",NA
"261","uuid:f67e4029-c76c-4adf-84ab-91fe4ef36a1e","30/10/2018 09:38",11,"TS3_Q0","N",1,0,"FS",NA
"262","uuid:49e010b7-383c-454b-99ab-a52a358aad37","30/10/2018 09:41",11,"TS2_Q0","N",1,0,"FS",NA
"263","uuid:722e08fb-13e9-4a83-a6d7-313b270e8a1b","30/10/2018 09:56",11,"TS19_Q0","N",1,0,"FS",NA
"264","uuid:a2c330af-a8cd-4305-b520-4a9d48c72d43","30/10/2018 10:42",11,"TS11_Q0","N",1,0,"FS",NA
"265","uuid:d777ac59-523f-44e5-b63f-75133746ca21","30/10/2018 15:53",11,"TS25_Q0","N",1,0,"FS",NA
"266","uuid:a050f798-ac34-4376-91eb-c75443fd2bce","30/10/2018 17:08",11,"TS24_Q0","N",1,0,"FS",NA
"267","uuid:9728ed5e-6a82-44eb-b779-b0536ce6d3df","30/10/2018 17:12",11,"TS23_Q0","N",1,0,"FS",NA
"268","uuid:bf8cb089-79f6-4d42-a416-720600952886","30/10/2018 17:18",11,"TS22_Q0","N",1,0,"FS",NA
"269","uuid:ef69e45c-f8bd-49b7-8fab-8509d941b4e0","30/10/2018 17:21",11,"TS21_Q0","N",0,0,"FS",NA
"270","uuid:bda27bfe-0c35-4b9a-9862-4dbcc6074f3d","30/10/2018 17:35",11,"TS20_Q0","N",0,0,"FS",NA
"271","uuid:619c12a6-4899-4089-a72a-aead03db417c","30/10/2018 17:39",11,"TS13_Q0","N",0,0,"FS",NA
"272","uuid:c8485be2-63e6-4d71-84e6-6263dc02a007","30/10/2018 20:14",11,"TS26_Q0","N",0,0,"FS",NA
"273","uuid:0fec92d9-c4cf-4fa2-b824-f607f89536d5","08/12/2018 17:06",12,"TS18_Q0","Y",3,1,"FS",NA
"274","uuid:57702f2d-4967-4f9b-8ca3-6afc07a47ce5","08/12/2018 17:18",12,"TS2_Q0","Y",3,0,"FS",NA
"275","uuid:319fbddc-18b0-4eef-acf4-d7a5eaf84263","08/12/2018 17:22",12,"TS22_Q0","Y",3,0,"FS",NA
"276","uuid:c81965ca-9cf8-4471-817a-bd27cc8f89e0","09/12/2018 16:12",12,"TS29_Q0","Y",1,0,"FS",NA
"277","uuid:cf91f373-3eea-4064-968b-d6be3387cee6","10/12/2018 11:39",12,"TS7_Q0","Y",3,1,"FS",NA
"278","uuid:cdd7200f-b24e-41ce-8615-0895113decca","11/12/2018 09:45",12,"TS15_Q0","Y",3,2,"FS",NA
"279","uuid:64828315-3c6a-4f08-92ed-92aff0451f0a","11/12/2018 10:02",12,"TS14_Q0","N",1,1,"FS",NA
"280","uuid:74b60eb3-75fe-4133-9eae-fb082ac32ef1","11/12/2018 12:28",12,"TS8_Q0","Y",1,0,"FS",NA
"281","uuid:3df65236-e8b1-42a8-8709-403e739ad275","11/12/2018 15:51",12,"TS9_Q0","N",3,0,"FS",NA
"282","uuid:68813354-66a2-4dab-83fb-5fa68b519b4a","11/12/2018 18:01",12,"TS23_Q0","Y",1,0,"FS",NA
"283","uuid:2d400c4c-6cc2-461d-af8b-b414303b122d","11/12/2018 18:08",12,"TS24_Q0","N",1,0,"FS",NA
"284","uuid:bfd1059f-f9a6-4208-89f5-a1e80f2fcb7c","11/12/2018 18:14",12,"TS25_Q0","N",1,0,"FS",NA
"285",NA,"06/11/2018",NA,"TS31_Q0",NA,1,0,"Tr","Nov"
"286",NA,"06/11/2018",NA,"TS32_Q0",NA,0,0,"Tr","Nov"
"287",NA,"06/11/2018",NA,"TS33_Q0",NA,1,0,"Tr","Nov"
"288",NA,"11/11/2018",NA,"TS34_Q0",NA,0,0,"Tr","Nov"
"289",NA,"11/11/2018",NA,"TS35_Q0",NA,0,0,"Tr","Nov"
"290",NA,"12/11/2018",NA,"TS36_Q0",NA,0,0,"Tr","Nov"
"291",NA,"12/11/2018",NA,"TS37_Q0",NA,1,0,"Tr","Nov"
"292",NA,"13/11/2018",NA,"TS38_Q0",NA,0,0,"Tr","Nov"
"293",NA,"16/11/2018",NA,"TS39_Q0",NA,1,0,"Tr","Nov"
"294",NA,"16/11/2018",NA,"TS40_Q0",NA,0,0,"Tr","Nov"
"295",NA,"13/12/2018",NA,"TS41_Q0",NA,3,0,"Tr","Dec"
"296",NA,"03/10/2019",NA,"TS38_Q0",NA,2,3,"HC","Oct"
"297",NA,"03/10/2019",NA,"TS27_Q0",NA,2,1,"HC","Oct"
"298",NA,"03/10/2019",NA,"TS28_Q0",NA,NA,NA,"HC","Oct"
"299",NA,"04/10/2019",NA,"TS31_Q0",NA,1,0,"HC","Oct"
"300",NA,"04/10/2019",NA,"TS32_Q0",NA,1,0,"HC","Oct"
"301",NA,"04/10/2019",NA,"TS33_Q0",NA,1,1,"HC","Oct"
"302",NA,"04/10/2019",NA,"TS37_Q0",NA,3,2,"HC","Oct"
"303",NA,"06/10/2019",NA,"TS34_Q0",NA,0,0,"HC","Oct"
"304",NA,"06/10/2019",NA,"TS35_Q0",NA,2,0,"HC","Oct"
"305",NA,"06/10/2019",NA,"TS39_Q0",NA,1,1,"HC","Oct"
"306",NA,"06/10/2019",NA,"TS40_Q0",NA,1,0,"HC","Oct"
"307",NA,"08/10/2019",NA,"TS36_Q0",NA,1,1,"HC","Oct"
"308",NA,"08/10/2019",NA,"TS41_Q0",NA,1,3,"HC","Oct"
"309",NA,"08/10/2019",NA,"TS30_Q0",NA,3,3,"HC","Oct"
"310",NA,"08/10/2019",NA,"TS26_Q0",NA,2,0,"HC","Oct"
"311",NA,"29/04/2020",NA,"TS38_Q0",NA,0,0,"HC","May"
"312",NA,"29/04/2020",NA,"TS27_Q0",NA,0,3,"HC","May"
"313",NA,"30/04/2020",NA,"TS31_Q0",NA,0,0,"HC","May"
"314",NA,"30/04/2020",NA,"TS32_Q0",NA,1,0,"HC","May"
"315",NA,"30/04/2020",NA,"TS33_Q0",NA,1,0,"HC","May"
"316",NA,"30/04/2020",NA,"TS37_Q0",NA,1,0,"HC","May"
"317",NA,"01/05/2020",NA,"TS34_Q0",NA,1,1,"HC","May"
"318",NA,"01/05/2020",NA,"TS35_Q0",NA,1,2,"HC","May"
"319",NA,"01/05/2020",NA,"TS36_Q0",NA,0,0,"HC","May"
"320",NA,"01/05/2020",NA,"TS28_Q0",NA,3,2,"HC","May"
"321",NA,"01/05/2020",NA,"TS30_Q0",NA,1,0,"HC","May"
"322",NA,"02/05/2020",NA,"TS39_Q0",NA,3,2,"HC","May"
"323",NA,"02/05/2020",NA,"TS40_Q0",NA,0,0,"HC","May"
"324",NA,"02/05/2020",NA,"TS41_Q0",NA,2,2,"HC","May"
"325",NA,"02/05/2020",NA,"TS29_Q0",NA,0,0,"HC","May"
"326",NA,"02/05/2020",NA,"TS26_Q0",NA,3,0,"HC","May"
"327",NA,"12/12/2020",NA,"TS26_Q0",NA,0,0,"Tr","Dec"
"328",NA,"26/05/2020",NA,"TS38_Q0",NA,1,0,"HC","June"
"329",NA,"28/05/2020",NA,"TS27_Q0",NA,2,3,"HC","June"
"330",NA,"28/05/2020",NA,"TS37_Q0",NA,3,0,"HC","June"
"331",NA,"28/05/2020",NA,"TS33_Q0",NA,0,0,"HC","June"
"332",NA,"29/05/2020",NA,"TS32_Q0",NA,2,0,"HC","June"
"333",NA,"29/05/2020",NA,"TS31_Q0",NA,1,0,"HC","June"
"334",NA,"29/05/2020",NA,"TS30_Q0",NA,0,0,"HC","June"
"335",NA,"29/05/2020",NA,"TS28_Q0",NA,2,2,"HC","June"
"336",NA,"29/05/2020",NA,"TS34_Q0",NA,3,1,"HC","June"
"337",NA,"29/05/2020",NA,"TS35_Q0",NA,3,2,"HC","June"
"338",NA,"29/05/2020",NA,"TS36_Q0",NA,0,0,"HC","June"
"339",NA,"30/05/2020",NA,"TS39_Q0",NA,3,2,"HC","June"
"340",NA,"30/05/2020",NA,"TS40_Q0",NA,0,0,"HC","June"
"341",NA,"30/05/2020",NA,"TS20_Q0",NA,0,0,"HC","June"
"342",NA,"30/05/2020",NA,"TS26_Q0",NA,0,0,"HC","June"
"343",NA,"30/05/2020",NA,"TS41_Q0",NA,0,2,"HC","June"
